College,Program,Credential Type,Totals
FCC,Associate of Applied Science in Cybersecurity,Associate Degree," $2,555.99 "
CCBC,Associate of Applied Science in Information System Security,Associate Degree," $1,510.02 "
CCBC,Associate of Applied Science in Network Technology Degree - Information Technology Support Option,Associate Degree," $6,965.88 "
CCBC,Associate of Applied Science in Network Technology Degree -Cisco Option,Associate Degree," $2,938.09 "
CCBC,Associate of Applied Science in Network Technology Degree -Microsoft Option,Associate Degree," $6,759.71 "
CCBC,Associate of Applied Science in Network Technology Degree -Red Hat Linux Option,Associate Degree," $9,097.30 "
CCBC,Associate of Applied Science in Network Technology Degree-General Option,Associate Degree," $6,175.14 "
GC,Business & Information Technology : Network Administration Concentration,Associate Degree, $824.52 
WorWic,Computer & Network Support Technology ,Associate Degree," $5,496.09 "
Hagerstown,Computer Science,Associate Degree," $1,568.65 "
Allegany,Computer Science/Cybersecurity/Information Systems Preparation for Transfer,Associate Degree," $4,166.30 "
Allegany,Computer Technology Two-Year Career Program Preparation for Employment - Cybersecurity,Associate Degree," $5,392.30 "
Howard,Cyber Forensics Technology,Associate Degree," $7,509.44 "
Carroll,Cybersecurity,Associate Degree," $3,449.30 "
GC,Cybersecurity,Associate Degree," $1,623.95 "
Hagerstown,Cybersecurity,Associate Degree, $264.60 
Howard,Cybersecurity,Associate Degree," $4,948.27 "
MC,Cybersecurity,Associate Degree," $9,111.55 "
CSM,Cybersecurity AAS Degree,Associate Degree," $6,784.35 "
Hagerstown,Digital Forensics Option,Associate Degree," $3,177.47 "
Harford,Information Assurance and Cybersecurity,Associate Degree," $3,003.44 "
Howard,Information System Assurance:  Cybersecurity,Associate Degree," $7,747.73 "
Howard,Information System Assurance:  Network Management/Microsoft,Associate Degree," $6,163.64 "
Howard,Information System Assurance:  Networking Technologies/CISCO Concentration,Associate Degree," $3,511.84 "
Howard,Information Systems Assurance:  VMWare Administration Concentration,Associate Degree," $1,377.69 "
Howard,Information Technology Programming,Associate Degree," $2,606.64 "
Howard,Information Technology:  CISCO Networking,Associate Degree," $8,973.08 "
Howard,Information Technology:  Web Development,Associate Degree," $3,825.83 "
Hagerstown,Network Administration,Associate Degree," $5,475.74 "
MC,Network and Wireless Technologies,Associate Degree," $7,094.42 "
Hagerstown,Network Technology Option A,Associate Degree," $7,519.40 "
Hagerstown,Network Technology Option B,Associate Degree," $1,203.77 "
WorWic,Web Development,Associate Degree," $4,173.32 "
CCBC,A+ Certificate,Certificate," $3,629.25 "
BCCC,A+ Certification,Certificate," $7,070.98 "
PGCC,A+ Enhanced Certification,Certificate," $7,344.87 "
Hagerstown,Advanced Network Security,Certificate," $6,800.04 "
MC,Advanced Network Security Certificate,Certificate," $1,434.37 "
BCCC,Capstone,Certificate," $6,319.55 "
BCCC,CISCO,Certificate," $1,396.51 "
Howard,CISCO,Certificate," $6,468.17 "
Hagerstown,Cisco CCNA Preparation,Certificate," $6,252.15 "
MC,Cisco Certified Network Associate + Security Preparation Certificate,Certificate," $8,763.48 "
WorWic,Computer Information Security,Certificate," $7,856.76 "
GC,Computer Information Technology : Network Administration,Certificate," $5,680.92 "
GC,Computer Information Technology : Repair/Network Technician,Certificate," $4,953.51 "
WorWic,Computer Software Technician,Certificate," $3,049.68 "
Allegany,Computer Technology Cybersecurity One-Year Career Program Preparation for Employment,Certificate," $3,417.59 "
Harford,Cyber Defense Certificate,Certificate," $7,083.42 "
Howard,Cyber Forensics Technology,Certificate," $2,102.31 "
MC,CyberAdvantage - Core,Certificate, $351.21 
GC,Cybersecurity,Certificate," $6,614.88 "
CSM,Cybersecurity Technology Certificate,Certificate," $7,040.92 "
FCC,Cybertech Certificate Program,Certificate," $2,987.21 "
CCBC,General Networking Certificate,Certificate," $4,411.24 "
Howard,Help Desk/LAN Support,Certificate, $892.33 
CCBC,Information System Security,Certificate," $4,041.86 "
CCBC,Information Technology Support Certificate,Certificate," $4,969.22 "
MC,IT Professional+ Certificate,Certificate, $312.57 
CCBC,Microsoft Certified Information Technology Professional (MCITP) Certificate,Certificate," $7,298.22 "
Hagerstown,Network Administration,Certificate," $8,176.46 "
CSM,Network Administrator Certificate,Certificate," $2,896.75 "
MC,"Network Engineer Certificate, Cisco Certified Network Associate Track",Certificate," $2,421.47 "
Carroll,Network Security,Certificate," $9,453.04 "
Hagerstown,Network Security,Certificate," $1,714.39 "
Howard,Network Security Admistration,Certificate," $1,243.57 "
CSM,Network Technology Certificate,Certificate," $3,870.77 "
BCCC,Network+,Certificate," $6,076.95 "
WorWic,PC Technician Basics,Certificate," $1,771.69 "
CCBC,Preparation for CISCO Certificate,Certificate," $9,540.91 "
CCBC,Preparation for Network+ Certificate,Certificate," $6,949.20 "
CCBC,Red Hat Linux (Red Hat Certified Technician) Certificate,Certificate," $4,149.73 "
BCCC,Security+,Certificate," $9,168.33 "
Howard,Web Development ,Certificate," $7,689.33 "
